"DESCRIPTION","DURATION IN MS","NAME","PARENT SUITE","START TIME","STATUS","STOP TIME","SUB SUITE","SUITE","TEST CLASS","TEST METHOD"
"","90","Получить неизвестный продукт","tests","Sun Oct 04 18:19:46 UTC 2026","passed","Sun Oct 04 18:19:46 UTC 2026","","test_products","",""
"","118","test_login_success","tests","Sun Oct 04 18:19:44 UTC 2026","passed","Sun Oct 04 18:19:44 UTC 2026","","test_auth","",""
"","93","Поиск продукта","tests","Sun Oct 04 18:19:46 UTC 2026","passed","Sun Oct 04 18:19:46 UTC 2026","","test_products","",""
"","90","test_get_me_success","tests","Sun Oct 04 18:19:44 UTC 2026","passed","Sun Oct 04 18:19:45 UTC 2026","","test_auth","",""
"","103","test_get_me_without_token","tests","Sun Oct 04 18:19:45 UTC 2026","passed","Sun Oct 04 18:19:45 UTC 2026","","test_auth","",""
"","18","Получить продукт по ID","tests","Sun Oct 04 18:19:46 UTC 2026","passed","Sun Oct 04 18:19:46 UTC 2026","","test_products","",""
"","90","Создание корзины","tests","Sun Oct 04 18:19:45 UTC 2026","passed","Sun Oct 04 18:19:45 UTC 2026","","test_carts","",""
"","103","Получение всех корзин","tests","Sun Oct 04 18:19:45 UTC 2026","passed","Sun Oct 04 18:19:45 UTC 2026","","test_carts","",""
"","132","Создать продукт","tests","Sun Oct 04 18:19:46 UTC 2026","passed","Sun Oct 04 18:19:46 UTC 2026","","test_products","",""
"","91","Получение корзины по user","tests","Sun Oct 04 18:19:45 UTC 2026","passed","Sun Oct 04 18:19:45 UTC 2026","","test_carts","",""
"","90","Расчёт total продуктов","tests","Sun Oct 04 18:19:45 UTC 2026","passed","Sun Oct 04 18:19:46 UTC 2026","","test_carts","",""
"","91","Обновление корзины с merge","tests","Sun Oct 04 18:19:46 UTC 2026","passed","Sun Oct 04 18:19:46 UTC 2026","","test_carts","",""
"","224","test_login_invalid","tests","Sun Oct 04 18:19:44 UTC 2026","passed","Sun Oct 04 18:19:44 UTC 2026","","test_auth","",""
"","95","Получение корзины по id","tests","Sun Oct 04 18:19:45 UTC 2026","passed","Sun Oct 04 18:19:45 UTC 2026","","test_carts","",""
"","181","Пагинация продукта","tests","Sun Oct 04 18:19:46 UTC 2026","passed","Sun Oct 04 18:19:46 UTC 2026","","test_products","",""
"","335","Обновить продукт","tests","Sun Oct 04 18:19:46 UTC 2026","passed","Sun Oct 04 18:19:46 UTC 2026","","test_products","",""
"","89","Получение неизвестной корзины","tests","Sun Oct 04 18:19:45 UTC 2026","passed","Sun Oct 04 18:19:45 UTC 2026","","test_carts","",""
"","92","Расчёт total корзины","tests","Sun Oct 04 18:19:45 UTC 2026","passed","Sun Oct 04 18:19:45 UTC 2026","","test_carts","",""
"","17","Получить все продукты","tests","Sun Oct 04 18:19:46 UTC 2026","passed","Sun Oct 04 18:19:46 UTC 2026","","test_products","",""
"","198","test_refresh_success","tests","Sun Oct 04 18:19:45 UTC 2026","passed","Sun Oct 04 18:19:45 UTC 2026","","test_auth","",""
